pais_economia,anio,puntaje_lectura,bajo_nivel_2_pct,nivel_5_o_superior_pct
Argentina,2022,400.74404,54.50786,0.95752
Argentina,2025,388.70426,59.56992,0.63042
Armenia,2025,348.28569,81.01475,0.01112
Australia,2022,498.05094,21.19190,12.37921
Australia,2025,490.86328,23.37189,11.15283
Austria,2022,480.40585,25.27105,7.72338
Austria,2025,467.21167,28.04779,4.84330
Azerbaijan,2025,373.57061,65.35061,0.06628
B-S-J-Z (China),2025,526.51825,7.29856,10.32003
Belgium,2022,478.85267,25.26682,7.31857
Belgium,2025,466.32805,28.92400,5.56288
Brazil,2022,410.35698,50.33916,1.78968
Brazil,2025,408.00829,51.22986,1.24620
Brunei Darussalam,2022,429.23191,42.15920,2.00942
Brunei Darussalam,2025,425.68088,43.07856,1.73009
Bulgaria,2022,404.30374,52.86411,2.18231
Bulgaria,2025,386.64479,58.38599,1.34847
Cambodia,2022,328.84278,92.07810,0.00000
Cambodia,2025,347.22631,86.62660,0.00000
Canada*,2022,507.13290,18.14452,13.60011
Canada*,2025,489.82555,21.82126,9.41372
Chile,2022,447.97896,33.72691,2.48577
Chile,2025,435.65582,38.17916,1.77870
Chinese Taipei,2022,515.16729,15.80352,14.00841
Chinese Taipei,2025,507.78799,17.92845,13.43356
Colombia,2022,408.66503,51.38249,1.05426
Colombia,2025,399.26735,54.44527,0.51939
Costa Rica,2022,415.23308,47.06813,0.80119
Costa Rica,2025,416.03530,46.83127,0.66773
Croatia,2022,475.49895,22.66000,4.17321
Croatia,2025,453.38734,31.68417,2.66644
Cyprus,2022,381.07572,60.62377,1.40380
Cyprus,2025,379.42867,62.14481,1.30260
Czechia,2022,488.60367,21.34665,8.06040
Czechia,2025,468.35668,26.97533,5.07237
Denmark,2022,488.80099,18.97498,6.31265
Denmark,2025,460.00949,29.23381,3.78899
Dominican Republic,2022,351.31229,75.40938,0.10687
Dominican Republic,2025,345.54215,77.26540,0.03253
Dushanbe (Tajikistan),2025,368.08382,81.12080,0.00000
Ecuador,2025,384.99799,61.80784,0.14827
El Salvador,2022,364.90364,72.04350,0.13242
El Salvador,2025,366.43167,70.52749,0.06654
Estonia,2022,511.03033,13.79890,10.60237
Estonia,2025,499.24425,17.00465,8.65101
Finland,2022,490.21768,21.42718,8.76671
Finland,2025,474.29731,25.79487,6.13630
France,2022,473.85216,26.87093,7.08323
France,2025,456.33453,32.67401,4.52043
Georgia,2022,373.85835,66.89538,0.15227
Georgia,2025,384.17862,60.95594,0.21672
Germany,2022,479.79402,25.49482,8.18084
Germany,2025,465.28206,31.52230,7.27197
Greece,2022,438.44063,37.62485,1.97699
Greece,2025,422.66261,43.85990,1.20537
Guatemala,2022,374.12187,68.43150,0.05713
Guatemala,2025,337.08081,83.16399,0.00987
Hong Kong (China),2022,499.70134,17.45528,9.03703
Hong Kong (China),2025,480.12066,21.99929,5.80441
Hungary,2022,472.97473,25.90366,5.45394
Hungary,2025,452.30629,32.22267,3.00445
Iceland,2022,435.92299,39.71594,2.67231
Iceland,2025,422.28514,44.29701,2.18804
Indonesia,2022,358.56986,74.53634,0.01993
Indonesia,2025,365.20527,72.89258,0.00393
Ireland,2022,516.00998,11.44368,10.26752
Ireland,2025,500.44715,16.49269,8.46558
Israel,2022,473.83270,29.63748,10.52380
Israel,2025,435.83778,40.89765,4.66228
Italy,2022,481.59828,21.38707,5.04213
Italy,2025,474.28961,24.38384,4.42691
Japan,2022,515.85461,13.75271,12.34593
Japan,2025,502.71450,18.55046,11.18601
Jordan,2022,342.16583,79.57263,0.00588
Jordan,2025,362.59825,73.88669,0.01100
Kazakhstan,2022,386.28475,63.71563,0.54963
Kazakhstan,2025,384.79808,64.00836,0.12524
Kenya,2025,320.21398,88.91221,0.00000
Korea,2022,515.41539,14.68180,13.31784
Korea,2025,500.56065,17.82629,10.30209
Kosovo,2022,342.19442,83.09697,0.00495
Kosovo,2025,340.46438,84.03638,0.00241
Kurdistan Region (Iraq),2025,311.53031,93.18299,0.00174
Kyrgyzstan,2025,344.39760,80.14796,0.00000
Latvia,2022,474.56865,22.82320,4.23037
Latvia,2025,429.67871,41.30800,1.95638
Lebanon,2025,330.90273,78.45769,0.23968
Lithuania,2022,471.83423,24.87488,4.70546
Lithuania,2025,464.05377,27.71033,3.78442
Luxembourg,2025,443.23219,38.44492,4.39861
Macao (China),2022,510.40512,12.64691,8.91570
Macao (China),2025,501.05358,15.29858,7.21559
Malaysia,2022,388.08781,58.12737,0.22448
Malaysia,2025,392.77186,56.19782,0.14190
Malta,2022,445.29884,36.32510,4.46029
Malta,2025,414.62566,47.90125,2.24232
Mauritius,2025,405.33343,52.05920,0.45528
Mexico,2022,415.35896,46.98964,0.57542
Mexico,2025,407.93756,50.22588,0.29408
Moldova,2022,410.93540,48.76870,0.53279
Moldova,2025,403.70106,51.76700,0.28462
Mongolia,2022,378.41987,64.09587,0.02026
Mongolia,2025,374.25273,66.73213,0.00000
Montenegro,2022,405.02046,52.86220,0.59191
Montenegro,2025,418.37127,45.30611,0.60928
Morocco,2022,339.36492,81.08596,0.00245
Morocco,2025,321.12710,87.17691,0.00121
Netherlands*,2022,459.24291,34.58320,6.95244
Netherlands*,2025,441.34494,38.52210,4.15287
New Zealand*,2022,500.85301,20.73037,13.11891
New Zealand*,2025,497.04447,22.77771,13.64679
North Macedonia,2022,358.52212,73.64021,0.01297
North Macedonia,2025,357.44372,73.57422,0.04035
Norway*,2022,476.52388,27.47344,8.72744
Norway*,2025,452.80130,34.14779,5.03300
OECD average,2025,460.94416,31.03901,5.50419
Palestinian Authority,2022,355.69391,73.46834,0.01991
Palestinian Authority,2025,349.87623,77.60368,0.00993
Paraguay,2022,373.15565,66.23001,0.06481
Paraguay,2025,352.21577,76.21328,0.02790
Peru,2022,408.24786,50.40310,0.68917
Peru,2025,390.13724,58.17414,0.23054
Philippines,2022,346.54739,76.33101,0.09865
Philippines,2025,366.91855,69.46983,0.07436
Poland,2022,488.71363,22.22575,8.76218
Poland,2025,481.53744,23.87682,7.25461
Portugal,2022,476.58861,23.14341,4.70106
Portugal,2025,462.02744,28.38273,3.38837
Qatar,2022,419.30427,47.32071,2.87186
Qatar,2025,418.02844,47.48102,2.21499
Romania,2022,428.49602,41.71838,2.01824
Romania,2025,412.94947,47.71828,1.17082
Rwanda,2025,300.94391,96.15009,0.00000
Saudi Arabia,2022,382.55105,62.59465,0.10671
Saudi Arabia,2025,387.28413,59.82287,0.09063
Serbia,2022,440.35497,36.39749,1.81007
Serbia,2025,414.59850,47.64100,1.28375
Singapore,2022,542.55332,11.16962,22.60166
Singapore,2025,534.90002,14.08448,21.87349
Slovak Republic,2022,446.86061,35.44936,3.40799
Slovak Republic,2025,447.96713,34.35046,3.12928
Slovenia,2022,468.53601,26.07980,4.40560
Slovenia,2025,444.74764,35.79322,3.33751
Spain,2022,474.30711,24.42607,5.28936
Spain,2025,451.35575,31.53973,2.31607
Sweden,2022,486.97516,24.27192,10.21724
Sweden,2025,466.43629,30.93055,8.46577
Switzerland,2022,483.33173,24.61989,8.55525
Switzerland,2025,470.05290,28.73504,6.60338
Thailand,2022,378.66300,65.42665,0.15073
Thailand,2025,391.82964,59.33235,0.07871
Türkiye,2022,456.08404,29.26281,1.86060
Türkiye,2025,472.09549,24.14702,4.16804
Ukrainian regions (17 of 27),2022,426.71449,41.23991,1.52463
Ukrainian regions (17 of 27),2025,418.42290,45.43941,0.67336
United Arab Emirates,2022,417.34975,47.99924,5.04003
United Arab Emirates,2025,432.81079,42.08922,4.44922
United Kingdom,2022,494.40463,20.13900,10.09109
United Kingdom,2025,494.23095,19.54401,9.07759
United States*,2022,503.93757,20.12546,14.24047
United States*,2025,489.51893,25.69012,13.33213
Uruguay,2022,430.35972,41.11404,2.07440
Uruguay,2025,423.21268,43.36083,1.59741
Viet Nam,2025,391.53666,59.43731,0.16652
Zambia,2025,324.87812,82.34033,0.00000
